text,summary
"Simon Bolivar changed the course of history not with an army, but with ideas. Their teachings have inspired movements and transformed the intellectual landscape of civilizations.","Simon Bolivar changed the course of history not with an army, but with ideas. A symbolic scene captures the essence of this historical turning point. This moment could be captured in a vivid historical scene."
"In a world divided by power and conflict, Christopher Columbus pursued peace, understanding, and progress. Their diplomatic efforts and commitment to justice marked a turning point in international relations.","In a world divided by power and conflict, Christopher Columbus pursued peace, understanding, and progress. A symbolic scene captures the essence of this historical turning point. This moment could be captured in a vivid historical scene."
"As a visionary leader, Frida Kahlo implemented bold strategies that defied expectations. Their ability to navigate political turmoil and inspire loyalty helped shape a new era for their nation.","As a visionary leader, Frida Kahlo implemented bold strategies that defied expectations. A symbolic scene captures the essence of this historical turning point. This moment could be captured in a vivid historical scene."
"Queen Victoria's contributions to art, literature, or philosophy have transcended centuries. Their works continue to be studied, interpreted, and revered across cultures and disciplines.","Queen Victoria's contributions to art, literature, or philosophy have transcended centuries. A symbolic scene captures the essence of this historical turning point. This moment could be captured in a vivid historical scene."
"The bold and sometimes controversial life of Napoleon Bonaparte left a permanent mark on world history. Their complex legacy is still the subject of much debate, analysis, and admiration.",The bold and sometimes controversial life of Napoleon Bonaparte left a permanent mark on world history. A symbolic scene captures the essence of this historical turning point. This moment could be captured in a vivid historical scene.
"During their lifetime, Napoleon Bonaparte was both celebrated and criticized, but history remembers them as a pioneer who shaped the destiny of their people.","During their lifetime, Napoleon Bonaparte was both celebrated and criticized, but history remembers them as a pioneer who shaped the destiny of their people. A symbolic scene captures the essence of this historical turning point. This moment could be captured in a vivid historical scene."
"George Washington lived in an era of great uncertainty and change, where they emerged as a force for unity and hope. With speeches, writings, or direct action, they rallied people around a shared vision of a better future.","George Washington lived in an era of great uncertainty and change, where they emerged as a force for unity and hope. A symbolic scene captures the essence of this historical turning point. This moment could be captured in a vivid historical scene."
"Known for their groundbreaking work, Sun Tzu revolutionized the way people thought about science, technology, or society. Their ideas challenged traditional beliefs and paved the way for innovation and reform.","Known for their groundbreaking work, Sun Tzu revolutionized the way people thought about science, technology, or society. A symbolic scene captures the essence of this historical turning point. This moment could be captured in a vivid historical scene."
"Known for their groundbreaking work, Christopher Columbus revolutionized the way people thought about science, technology, or society. Their ideas challenged traditional beliefs and paved the way for innovation and reform.","Known for their groundbreaking work, Christopher Columbus revolutionized the way people thought about science, technology, or society. A symbolic scene captures the essence of this historical turning point. This moment could be captured in a vivid historical scene."
"During their lifetime, Leonardo da Vinci was both celebrated and criticized, but history remembers them as a pioneer who shaped the destiny of their people.",Leonardo da Vinci sketches flying machines and human anatomy beside a half-painted Mona Lisa.
"During their lifetime, Mahatma Gandhi was both celebrated and criticized, but history remembers them as a pioneer who shaped the destiny of their people.","During their lifetime, Mahatma Gandhi was both celebrated and criticized, but history remembers them as a pioneer who shaped the destiny of their people. A symbolic scene captures the essence of this historical turning point. This moment could be captured in a vivid historical scene."
"Galileo Galilei's contributions to art, literature, or philosophy have transcended centuries. Their works continue to be studied, interpreted, and revered across cultures and disciplines.",Galileo Galilei gazes through a telescope while the stars shine above and church officials look on disapprovingly.
"During their lifetime, Nelson Mandela was both celebrated and criticized, but history remembers them as a pioneer who shaped the destiny of their people.","During their lifetime, Nelson Mandela was both celebrated and criticized, but history remembers them as a pioneer who shaped the destiny of their people. A symbolic scene captures the essence of this historical turning point. This moment could be captured in a vivid historical scene."
"In a world divided by power and conflict, Fidel Castro pursued peace, understanding, and progress. Their diplomatic efforts and commitment to justice marked a turning point in international relations.","In a world divided by power and conflict, Fidel Castro pursued peace, understanding, and progress. A symbolic scene captures the essence of this historical turning point. This moment could be captured in a vivid historical scene."
"Known for their groundbreaking work, Joan of Arc revolutionized the way people thought about science, technology, or society. Their ideas challenged traditional beliefs and paved the way for innovation and reform.","Known for their groundbreaking work, Joan of Arc revolutionized the way people thought about science, technology, or society. A symbolic scene captures the essence of this historical turning point. This moment could be captured in a vivid historical scene."
"Through unwavering determination, Charles Darwin became a symbol of resistance against oppression. Their actions led to major reforms and left an enduring legacy in the fight for freedom and human rights.","Through unwavering determination, Charles Darwin became a symbol of resistance against oppression. A symbolic scene captures the essence of this historical turning point. This moment could be captured in a vivid historical scene."
"Joan of Arc changed the course of history not with an army, but with ideas. Their teachings have inspired movements and transformed the intellectual landscape of civilizations.","Joan of Arc changed the course of history not with an army, but with ideas. A symbolic scene captures the essence of this historical turning point. This moment could be captured in a vivid historical scene."
"Through unwavering determination, Ada Lovelace became a symbol of resistance against oppression. Their actions led to major reforms and left an enduring legacy in the fight for freedom and human rights.","Through unwavering determination, Ada Lovelace became a symbol of resistance against oppression. A symbolic scene captures the essence of this historical turning point. This moment could be captured in a vivid historical scene."
"Marco Polo's contributions to art, literature, or philosophy have transcended centuries. Their works continue to be studied, interpreted, and revered across cultures and disciplines.","Marco Polo's contributions to art, literature, or philosophy have transcended centuries. A symbolic scene captures the essence of this historical turning point. This moment could be captured in a vivid historical scene."
"The bold and sometimes controversial life of Cleopatra left a permanent mark on world history. Their complex legacy is still the subject of much debate, analysis, and admiration.",The bold and sometimes controversial life of Cleopatra left a permanent mark on world history. A symbolic scene captures the essence of this historical turning point. This moment could be captured in a vivid historical scene.
"As a visionary leader, Rosa Parks implemented bold strategies that defied expectations. Their ability to navigate political turmoil and inspire loyalty helped shape a new era for their nation.","Rosa Parks sits firmly on a Montgomery bus seat, eyes forward, as the driver watches her from the mirror."
"Sun Tzu's contributions to art, literature, or philosophy have transcended centuries. Their works continue to be studied, interpreted, and revered across cultures and disciplines.","Sun Tzu's contributions to art, literature, or philosophy have transcended centuries. A symbolic scene captures the essence of this historical turning point. This moment could be captured in a vivid historical scene."
"King Tutankhamun's contributions to art, literature, or philosophy have transcended centuries. Their works continue to be studied, interpreted, and revered across cultures and disciplines.","King Tutankhamun's contributions to art, literature, or philosophy have transcended centuries. A symbolic scene captures the essence of this historical turning point. This moment could be captured in a vivid historical scene."
"During their lifetime, Simon Bolivar was both celebrated and criticized, but history remembers them as a pioneer who shaped the destiny of their people.","During their lifetime, Simon Bolivar was both celebrated and criticized, but history remembers them as a pioneer who shaped the destiny of their people. A symbolic scene captures the essence of this historical turning point. This moment could be captured in a vivid historical scene."
"During their lifetime, Julius Caesar was both celebrated and criticized, but history remembers them as a pioneer who shaped the destiny of their people.","During their lifetime, Julius Caesar was both celebrated and criticized, but history remembers them as a pioneer who shaped the destiny of their people. A symbolic scene captures the essence of this historical turning point. This moment could be captured in a vivid historical scene."
"Confucius's contributions to art, literature, or philosophy have transcended centuries. Their works continue to be studied, interpreted, and revered across cultures and disciplines.","Confucius's contributions to art, literature, or philosophy have transcended centuries. A symbolic scene captures the essence of this historical turning point. This moment could be captured in a vivid historical scene."
"Queen Victoria changed the course of history not with an army, but with ideas. Their teachings have inspired movements and transformed the intellectual landscape of civilizations.","Queen Victoria changed the course of history not with an army, but with ideas. A symbolic scene captures the essence of this historical turning point. This moment could be captured in a vivid historical scene."
"Frida Kahlo's contributions to art, literature, or philosophy have transcended centuries. Their works continue to be studied, interpreted, and revered across cultures and disciplines.","Frida Kahlo's contributions to art, literature, or philosophy have transcended centuries. A symbolic scene captures the essence of this historical turning point. This moment could be captured in a vivid historical scene."
"Wright Brothers changed the course of history not with an army, but with ideas. Their teachings have inspired movements and transformed the intellectual landscape of civilizations.","Wright Brothers changed the course of history not with an army, but with ideas. A symbolic scene captures the essence of this historical turning point. This moment could be captured in a vivid historical scene."
"Fidel Castro changed the course of history not with an army, but with ideas. Their teachings have inspired movements and transformed the intellectual landscape of civilizations.","Fidel Castro changed the course of history not with an army, but with ideas. A symbolic scene captures the essence of this historical turning point. This moment could be captured in a vivid historical scene."
"Marie Curie rose to prominence during one of the most defining moments in history, using their intellect and leadership to influence the course of nations. Their decisions during critical conflicts reshaped borders, inspired ideologies, and altered the future for generations to come.",Marie Curie carefully examines a glowing vial in a dim lab filled with beakers and old scientific instruments.
"The bold and sometimes controversial life of Malcolm X left a permanent mark on world history. Their complex legacy is still the subject of much debate, analysis, and admiration.",The bold and sometimes controversial life of Malcolm X left a permanent mark on world history. A symbolic scene captures the essence of this historical turning point. This moment could be captured in a vivid historical scene.
"Emmeline Pankhurst changed the course of history not with an army, but with ideas. Their teachings have inspired movements and transformed the intellectual landscape of civilizations.","Emmeline Pankhurst changed the course of history not with an army, but with ideas. A symbolic scene captures the essence of this historical turning point. This moment could be captured in a vivid historical scene."
"Marie Curie lived in an era of great uncertainty and change, where they emerged as a force for unity and hope. With speeches, writings, or direct action, they rallied people around a shared vision of a better future.",Marie Curie carefully examines a glowing vial in a dim lab filled with beakers and old scientific instruments.
"Beethoven changed the course of history not with an army, but with ideas. Their teachings have inspired movements and transformed the intellectual landscape of civilizations.","Beethoven changed the course of history not with an army, but with ideas. A symbolic scene captures the essence of this historical turning point. This moment could be captured in a vivid historical scene."
"Through unwavering determination, Alexander Hamilton became a symbol of resistance against oppression. Their actions led to major reforms and left an enduring legacy in the fight for freedom and human rights.","Through unwavering determination, Alexander Hamilton became a symbol of resistance against oppression. A symbolic scene captures the essence of this historical turning point. This moment could be captured in a vivid historical scene."
"Queen Elizabeth I's contributions to art, literature, or philosophy have transcended centuries. Their works continue to be studied, interpreted, and revered across cultures and disciplines.","Queen Elizabeth I's contributions to art, literature, or philosophy have transcended centuries. A symbolic scene captures the essence of this historical turning point. This moment could be captured in a vivid historical scene."
"Nelson Mandela lived in an era of great uncertainty and change, where they emerged as a force for unity and hope. With speeches, writings, or direct action, they rallied people around a shared vision of a better future.","Nelson Mandela lived in an era of great uncertainty and change, where they emerged as a force for unity and hope. A symbolic scene captures the essence of this historical turning point. This moment could be captured in a vivid historical scene."
"Joan of Arc rose to prominence during one of the most defining moments in history, using their intellect and leadership to influence the course of nations. Their decisions during critical conflicts reshaped borders, inspired ideologies, and altered the future for generations to come.","Joan of Arc rose to prominence during one of the most defining moments in history, using their intellect and leadership to influence the course of nations. A symbolic scene captures the essence of this historical turning point. This moment could be captured in a vivid historical scene."
"During their lifetime, Marie Curie was both celebrated and criticized, but history remembers them as a pioneer who shaped the destiny of their people.",Marie Curie carefully examines a glowing vial in a dim lab filled with beakers and old scientific instruments.
"Albert Einstein changed the course of history not with an army, but with ideas. Their teachings have inspired movements and transformed the intellectual landscape of civilizations.","Albert Einstein changed the course of history not with an army, but with ideas. A symbolic scene captures the essence of this historical turning point. This moment could be captured in a vivid historical scene."
"Pablo Picasso changed the course of history not with an army, but with ideas. Their teachings have inspired movements and transformed the intellectual landscape of civilizations.","Pablo Picasso changed the course of history not with an army, but with ideas. A symbolic scene captures the essence of this historical turning point. This moment could be captured in a vivid historical scene."
"Nelson Mandela rose to prominence during one of the most defining moments in history, using their intellect and leadership to influence the course of nations. Their decisions during critical conflicts reshaped borders, inspired ideologies, and altered the future for generations to come.","Nelson Mandela rose to prominence during one of the most defining moments in history, using their intellect and leadership to influence the course of nations. A symbolic scene captures the essence of this historical turning point. This moment could be captured in a vivid historical scene."
"Alexander Hamilton rose to prominence during one of the most defining moments in history, using their intellect and leadership to influence the course of nations. Their decisions during critical conflicts reshaped borders, inspired ideologies, and altered the future for generations to come.","Alexander Hamilton rose to prominence during one of the most defining moments in history, using their intellect and leadership to influence the course of nations. A symbolic scene captures the essence of this historical turning point. This moment could be captured in a vivid historical scene."
"Known for their groundbreaking work, Cleopatra revolutionized the way people thought about science, technology, or society. Their ideas challenged traditional beliefs and paved the way for innovation and reform.","Known for their groundbreaking work, Cleopatra revolutionized the way people thought about science, technology, or society. A symbolic scene captures the essence of this historical turning point. This moment could be captured in a vivid historical scene."
"In a world divided by power and conflict, Theodore Roosevelt pursued peace, understanding, and progress. Their diplomatic efforts and commitment to justice marked a turning point in international relations.","In a world divided by power and conflict, Theodore Roosevelt pursued peace, understanding, and progress. A symbolic scene captures the essence of this historical turning point. This moment could be captured in a vivid historical scene."
"As a visionary leader, Leonardo da Vinci implemented bold strategies that defied expectations. Their ability to navigate political turmoil and inspire loyalty helped shape a new era for their nation.",Leonardo da Vinci sketches flying machines and human anatomy beside a half-painted Mona Lisa.
"Beethoven lived in an era of great uncertainty and change, where they emerged as a force for unity and hope. With speeches, writings, or direct action, they rallied people around a shared vision of a better future.","Beethoven lived in an era of great uncertainty and change, where they emerged as a force for unity and hope. A symbolic scene captures the essence of this historical turning point. This moment could be captured in a vivid historical scene."
"In a world divided by power and conflict, Mahatma Gandhi pursued peace, understanding, and progress. Their diplomatic efforts and commitment to justice marked a turning point in international relations.","In a world divided by power and conflict, Mahatma Gandhi pursued peace, understanding, and progress. A symbolic scene captures the essence of this historical turning point. This moment could be captured in a vivid historical scene."
"George Washington rose to prominence during one of the most defining moments in history, using their intellect and leadership to influence the course of nations. Their decisions during critical conflicts reshaped borders, inspired ideologies, and altered the future for generations to come.","George Washington rose to prominence during one of the most defining moments in history, using their intellect and leadership to influence the course of nations. A symbolic scene captures the essence of this historical turning point. This moment could be captured in a vivid historical scene."
"As a visionary leader, Harriet Tubman implemented bold strategies that defied expectations. Their ability to navigate political turmoil and inspire loyalty helped shape a new era for their nation.","As a visionary leader, Harriet Tubman implemented bold strategies that defied expectations. A symbolic scene captures the essence of this historical turning point. This moment could be captured in a vivid historical scene."
"Through unwavering determination, Emmeline Pankhurst became a symbol of resistance against oppression. Their actions led to major reforms and left an enduring legacy in the fight for freedom and human rights.","Through unwavering determination, Emmeline Pankhurst became a symbol of resistance against oppression. A symbolic scene captures the essence of this historical turning point. This moment could be captured in a vivid historical scene."
"As a visionary leader, Ada Lovelace implemented bold strategies that defied expectations. Their ability to navigate political turmoil and inspire loyalty helped shape a new era for their nation.","As a visionary leader, Ada Lovelace implemented bold strategies that defied expectations. A symbolic scene captures the essence of this historical turning point. This moment could be captured in a vivid historical scene."
"As a visionary leader, Malcolm X implemented bold strategies that defied expectations. Their ability to navigate political turmoil and inspire loyalty helped shape a new era for their nation.","As a visionary leader, Malcolm X implemented bold strategies that defied expectations. A symbolic scene captures the essence of this historical turning point. This moment could be captured in a vivid historical scene."
"Charles Darwin's contributions to art, literature, or philosophy have transcended centuries. Their works continue to be studied, interpreted, and revered across cultures and disciplines.","Charles Darwin's contributions to art, literature, or philosophy have transcended centuries. A symbolic scene captures the essence of this historical turning point. This moment could be captured in a vivid historical scene."
"Known for their groundbreaking work, Confucius revolutionized the way people thought about science, technology, or society. Their ideas challenged traditional beliefs and paved the way for innovation and reform.","Known for their groundbreaking work, Confucius revolutionized the way people thought about science, technology, or society. A symbolic scene captures the essence of this historical turning point. This moment could be captured in a vivid historical scene."
"Galileo Galilei rose to prominence during one of the most defining moments in history, using their intellect and leadership to influence the course of nations. Their decisions during critical conflicts reshaped borders, inspired ideologies, and altered the future for generations to come.",Galileo Galilei gazes through a telescope while the stars shine above and church officials look on disapprovingly.
"The bold and sometimes controversial life of Alexander the Great left a permanent mark on world history. Their complex legacy is still the subject of much debate, analysis, and admiration.",The bold and sometimes controversial life of Alexander the Great left a permanent mark on world history. A symbolic scene captures the essence of this historical turning point. This moment could be captured in a vivid historical scene.
"Albert Einstein rose to prominence during one of the most defining moments in history, using their intellect and leadership to influence the course of nations. Their decisions during critical conflicts reshaped borders, inspired ideologies, and altered the future for generations to come.","Albert Einstein rose to prominence during one of the most defining moments in history, using their intellect and leadership to influence the course of nations. A symbolic scene captures the essence of this historical turning point. This moment could be captured in a vivid historical scene."
"Fidel Castro's contributions to art, literature, or philosophy have transcended centuries. Their works continue to be studied, interpreted, and revered across cultures and disciplines.","Fidel Castro's contributions to art, literature, or philosophy have transcended centuries. A symbolic scene captures the essence of this historical turning point. This moment could be captured in a vivid historical scene."
"In a world divided by power and conflict, Pablo Picasso pursued peace, understanding, and progress. Their diplomatic efforts and commitment to justice marked a turning point in international relations.","In a world divided by power and conflict, Pablo Picasso pursued peace, understanding, and progress. A symbolic scene captures the essence of this historical turning point. This moment could be captured in a vivid historical scene."
"In a world divided by power and conflict, Julius Caesar pursued peace, understanding, and progress. Their diplomatic efforts and commitment to justice marked a turning point in international relations.","In a world divided by power and conflict, Julius Caesar pursued peace, understanding, and progress. A symbolic scene captures the essence of this historical turning point. This moment could be captured in a vivid historical scene."
"As a visionary leader, Charles Darwin implemented bold strategies that defied expectations. Their ability to navigate political turmoil and inspire loyalty helped shape a new era for their nation.","As a visionary leader, Charles Darwin implemented bold strategies that defied expectations. A symbolic scene captures the essence of this historical turning point. This moment could be captured in a vivid historical scene."
"During their lifetime, Che Guevara was both celebrated and criticized, but history remembers them as a pioneer who shaped the destiny of their people.","During their lifetime, Che Guevara was both celebrated and criticized, but history remembers them as a pioneer who shaped the destiny of their people. A symbolic scene captures the essence of this historical turning point. This moment could be captured in a vivid historical scene."
"Martin Luther King Jr.'s contributions to art, literature, or philosophy have transcended centuries. Their works continue to be studied, interpreted, and revered across cultures and disciplines.",Martin Luther King Jr. speaks passionately to a sea of people gathered beneath the Lincoln Memorial.
"Known for their groundbreaking work, Socrates revolutionized the way people thought about science, technology, or society. Their ideas challenged traditional beliefs and paved the way for innovation and reform.","Known for their groundbreaking work, Socrates revolutionized the way people thought about science, technology, or society. A symbolic scene captures the essence of this historical turning point. This moment could be captured in a vivid historical scene."
"Through unwavering determination, Karl Marx became a symbol of resistance against oppression. Their actions led to major reforms and left an enduring legacy in the fight for freedom and human rights.","Through unwavering determination, Karl Marx became a symbol of resistance against oppression. A symbolic scene captures the essence of this historical turning point. This moment could be captured in a vivid historical scene."
"Florence Nightingale's contributions to art, literature, or philosophy have transcended centuries. Their works continue to be studied, interpreted, and revered across cultures and disciplines.","Florence Nightingale's contributions to art, literature, or philosophy have transcended centuries. A symbolic scene captures the essence of this historical turning point. This moment could be captured in a vivid historical scene."
"In a world divided by power and conflict, Martin Luther King Jr. pursued peace, understanding, and progress. Their diplomatic efforts and commitment to justice marked a turning point in international relations.",Martin Luther King Jr. speaks passionately to a sea of people gathered beneath the Lincoln Memorial.
"During their lifetime, Nikola Tesla was both celebrated and criticized, but history remembers them as a pioneer who shaped the destiny of their people.","During their lifetime, Nikola Tesla was both celebrated and criticized, but history remembers them as a pioneer who shaped the destiny of their people. A symbolic scene captures the essence of this historical turning point. This moment could be captured in a vivid historical scene."
